"日期","收盘","开盘","高","低","交易量","涨跌幅"
"2024-1-28","10,943.83","11,295.73","11,367.56","10,765.91","","-3.12%"
"2024-1-21","11,295.73","11,055.93","11,329.94","10,866.70","","2.17%"
"2024-1-14","11,055.93","11,044.82","11,118.55","10,675.21","","0.10%"
"2024-1-7","11,044.82","11,179.57","11,201.63","10,986.60","","-1.21%"
"2023-12-31","11,179.57","11,503.58","11,505.32","11,126.58","","-2.82%"
"2023-12-24","11,503.58","11,199.73","11,534.89","11,108.53","","2.71%"
"2023-12-17","11,199.73","11,098.43","11,265.75","11,003.77","","0.91%"
"2023-12-10","11,098.43","11,371.83","11,434.64","11,088.81","","-2.40%"
"2023-12-3","11,371.83","11,649.06","11,658.99","11,241.73","","-2.38%"
"2023-11-26","11,649.06","11,889.77","11,889.77","11,565.49","","-2.02%"
"2023-11-19","11,889.77","11,934.30","12,122.45","11,866.02","","-0.37%"
"2023-11-12","11,934.30","12,034.82","12,117.01","11,861.56","","-0.87%"
"2023-11-5","12,039.56","12,153.74","12,254.96","12,003.47","","-0.94%"
"2023-10-29","12,153.74","11,958.57","12,251.74","11,921.99","","1.63%"
"2023-10-22","11,958.57","11,758.95","12,009.78","11,593.77","","1.70%"
"2023-10-15","11,758.95","12,249.00","12,255.61","11,712.23","","-4.00%"
"2023-10-8","12,249.00","12,398.05","12,442.12","12,194.80","","-1.20%"
"2023-9-24","12,398.05","12,659.22","12,659.22","12,382.66","","-2.06%"
"2023-9-17","12,659.22","12,484.38","12,665.29","12,370.30","","1.40%"
"2023-9-10","12,484.38","12,566.75","12,719.45","12,457.46","","-0.66%"
"2023-9-3","12,566.75","12,711.40","12,960.18","12,521.01","","-1.14%"
"2023-8-27","12,711.40","12,494.73","13,122.61","12,494.73","","1.73%"
"2023-8-20","12,494.73","12,575.71","12,576.00","12,337.09","","-0.64%"
"2023-8-13","12,575.71","12,865.36","12,865.36","12,545.72","","-2.25%"
"2023-8-6","12,865.36","13,278.84","13,278.84","12,865.36","","-3.11%"
"2023-7-30","13,278.84","13,266.99","13,566.56","13,071.53","","0.09%"
"2023-7-23","13,266.99","12,565.55","13,300.74","12,457.51","","5.58%"
"2023-7-16","12,565.55","12,806.36","12,806.36","12,476.26","","-1.88%"
"2023-7-9","12,806.36","12,441.77","12,841.64","12,441.77","","2.93%"
"2023-7-2","12,441.77","12,489.45","12,736.13","12,420.74","","-0.38%"
"2023-6-25","12,489.45","12,646.03","12,646.03","12,387.98","","-1.24%"
"2023-6-18","12,646.03","13,056.52","13,056.52","12,646.03","","-3.14%"
"2023-6-11","13,056.52","12,600.24","13,080.77","12,543.58","","3.62%"
"2023-6-4","12,600.24","12,601.64","12,691.18","12,406.79","","-0.01%"
"2023-5-28","12,601.64","12,624.70","12,676.16","12,289.49","","-0.18%"
"2023-5-21","12,624.70","12,971.93","13,174.01","12,514.50","","-2.68%"
"2023-5-14","12,971.93","13,012.79","13,230.79","12,870.53","","-0.31%"
"2023-5-7","13,012.79","13,243.20","13,522.77","13,010.35","","-1.74%"
"2023-4-30","13,243.20","13,195.98","13,323.08","13,092.03","","0.36%"
"2023-4-23","13,195.98","13,056.33","13,223.23","12,843.38","","1.07%"
"2023-4-16","13,056.33","13,118.73","13,499.72","13,047.44","","-0.48%"
"2023-4-9","13,118.73","13,217.63","13,255.89","12,980.51","","-0.75%"
"2023-4-2","13,217.63","13,236.52","13,284.52","13,104.90","","-0.14%"
"2023-3-26","13,236.52","13,104.84","13,357.61","12,954.89","","1.00%"
"2023-3-19","13,104.84","12,894.12","13,170.30","12,825.95","","1.63%"
"2023-3-12","12,894.12","12,965.40","13,131.07","12,854.73","","-0.55%"
"2023-3-5","12,965.40","13,571.20","13,571.20","12,963.96","","-4.46%"
"2023-2-26","13,571.20","13,355.63","13,619.13","13,253.50","","1.61%"
"2023-2-19","13,355.63","13,401.76","13,741.16","13,327.65","","-0.34%"
"2023-2-12","13,401.76","13,589.25","13,793.18","13,391.91","","-1.38%"
"2023-2-5","13,589.25","13,747.93","13,747.93","13,441.96","","-1.15%"
"2023-1-29","13,747.93","13,958.40","14,307.43","13,647.87","","-1.51%"
"2023-1-15","13,958.40","13,794.93","14,143.36","13,757.14","","1.19%"
"2023-1-8","13,794.93","13,376.91","13,794.93","13,376.91","","3.12%"
"2023-1-1","13,376.91","13,004.11","13,428.47","12,808.25","","2.87%"
"2022-12-25","13,004.11","12,916.50","13,074.44","12,847.18","","0.68%"
"2022-12-18","12,916.50","13,228.81","13,298.56","12,694.30","","-2.36%"
"2022-12-11","13,228.81","13,280.30","13,280.30","13,030.45","","-0.39%"
"2022-12-4","13,280.30","12,699.95","13,300.03","12,699.95","","4.57%"
"2022-11-27","12,699.95","12,240.59","13,014.33","11,833.19","","3.75%"
"2022-11-20","12,240.59","12,269.57","12,326.58","12,000.52","","-0.24%"
"2022-11-13","12,269.57","12,263.11","12,545.15","12,188.32","","0.05%"
"2022-11-6","12,263.11","12,085.44","12,380.04","11,735.95","","1.47%"
"2022-10-30","12,085.44","11,369.43","12,160.16","11,205.55","","6.30%"
"2022-10-23","11,369.43","12,338.14","12,338.14","11,348.74","","-7.85%"
"2022-10-16","12,338.14","12,820.09","12,886.33","12,267.90","","-3.76%"
"2022-10-9","12,820.09","12,908.11","12,928.31","12,354.45","","-0.68%"
"2022-9-25","12,908.11","12,896.28","13,109.20","12,801.52","","0.09%"
"2022-9-18","12,896.28","13,069.40","13,219.31","12,816.93","","-1.32%"
"2022-9-11","13,069.40","13,416.87","13,583.48","13,069.40","","-2.59%"
"2022-9-4","13,416.87","13,297.61","13,445.70","13,104.82","","0.90%"
"2022-8-28","13,297.61","13,602.31","13,649.40","13,231.75","","-2.24%"
"2022-8-21","13,602.31","13,610.28","13,739.02","13,382.22","","-0.06%"
"2022-8-14","13,610.28","13,709.38","13,822.44","13,567.83","","-0.72%"
"2022-8-7","13,709.38","13,632.03","13,730.53","13,325.79","","0.57%"
"2022-7-31","13,632.03","13,786.21","13,797.96","13,333.53","","-0.64%"
"2022-7-24","13,719.25","14,041.26","14,127.57","13,679.86","","-2.29%"
"2022-7-17","14,041.26","14,094.98","14,264.98","13,947.58","","-0.38%"
"2022-7-10","14,094.98","14,733.38","14,733.38","14,094.98","","-4.33%"
"2022-7-3","14,733.38","14,893.89","15,113.02","14,604.33","","-1.08%"
"2022-6-26","14,893.89","14,632.72","15,102.11","14,632.72","","1.78%"
"2022-6-19","14,632.72","14,285.22","14,654.65","14,168.54","","2.43%"
"2022-6-12","14,285.22","14,100.30","14,379.47","13,628.62","","1.31%"
"2022-6-5","14,100.30","13,514.18","14,118.20","13,405.68","","4.34%"
"2022-5-29","13,514.18","13,261.36","13,614.33","13,261.36","","1.91%"
"2022-5-22","13,261.36","13,528.05","13,549.12","13,045.60","","-1.97%"
"2022-5-15","13,528.05","13,296.03","13,535.25","13,064.28","","1.75%"
"2022-5-8","13,296.03","13,103.98","13,367.97","12,661.61","","1.47%"
"2022-5-1","13,103.98","13,516.30","13,607.70","13,083.55","","-3.05%"
"2022-4-24","13,516.30","13,508.74","13,573.75","12,873.10","","0.06%"
"2022-4-17","13,508.74","13,982.81","13,982.81","13,270.36","","-3.39%"
"2022-4-10","13,982.81","13,931.72","14,100.03","13,514.83","","0.37%"
"2022-4-3","13,931.72","14,009.59","14,037.56","13,795.18","","-0.56%"
"2022-3-27","14,009.59","13,529.79","14,062.54","13,205.68","","3.55%"
"2022-3-20","13,529.79","13,792.44","13,890.87","13,523.96","","-1.90%"
"2022-3-13","13,792.44","13,846.46","13,854.09","12,641.87","","-0.39%"
"2022-3-6","13,846.46","14,417.24","14,417.24","13,170.00","","-3.96%"
"2022-2-27","14,417.24","14,711.55","14,944.30","14,366.18","","-2.00%"
"2022-2-20","14,711.55","15,192.66","15,192.66","14,489.95","","-3.17%"
"2022-2-13","15,192.66","15,106.71","15,192.66","14,891.17","","0.57%"
"2022-2-6","15,106.71","14,769.78","15,277.90","14,679.90","","2.28%"
"2022-1-30","14,769.78","14,769.78","14,769.78","14,769.78","","0.00%"
"2022-1-23","14,769.78","15,461.31","15,473.26","14,740.29","","-4.47%"
"2022-1-16","15,461.31","15,064.20","15,569.29","15,039.93","","2.64%"
"2022-1-9","15,064.20","15,404.55","15,555.11","15,054.29","","-2.21%"
"2022-1-2","15,404.55","15,698.01","15,775.90","15,285.45","","-1.87%"
"2021-12-26","15,698.01","15,890.21","15,954.99","15,550.83","","-1.21%"
"2021-12-19","15,890.21","15,880.96","16,029.01","15,684.79","","0.06%"
"2021-12-12","15,880.96","16,283.83","16,688.39","15,880.09","","-2.47%"
"2021-12-5","16,283.83","15,607.09","16,466.14","15,599.32","","4.34%"
"2021-11-28","15,607.09","15,488.25","15,607.09","15,305.60","","0.77%"
"2021-11-21","15,488.25","15,620.39","15,796.81","15,453.73","","-0.85%"
"2021-11-14","15,620.39","15,555.16","15,694.33","15,373.66","","0.42%"
"2021-11-7","15,555.16","15,591.46","15,730.51","15,158.12","","-0.23%"
"2021-10-31","15,591.46","15,882.05","15,882.05","15,382.61","","-1.83%"
"2021-10-24","15,882.05","16,189.35","16,278.60","15,736.13","","-1.90%"
"2021-10-17","16,189.35","16,033.80","16,286.29","15,598.16","","0.97%"
"2021-10-10","16,033.80","15,816.73","16,174.47","15,742.81","","1.37%"
"2021-10-3","15,816.73","15,486.32","15,865.37","15,486.32","","2.13%"
"2021-9-26","15,486.32","15,095.72","15,559.30","15,094.77","","2.59%"
"2021-9-19","15,095.72","15,192.84","15,234.78","14,831.39","","-0.64%"
"2021-9-12","15,192.84","15,597.18","15,692.46","14,918.03","","-2.59%"
"2021-9-5","15,597.18","15,136.65","15,690.61","15,087.18","","3.04%"
"2021-8-29","15,136.65","14,971.32","15,247.63","14,560.29","","1.10%"
"2021-8-22","14,971.32","14,890.28","15,334.71","14,862.79","","0.54%"
"2021-8-15","14,890.28","15,741.12","15,868.49","14,772.07","","-5.41%"
"2021-8-8","15,741.12","15,423.44","16,116.47","15,308.42","","2.06%"
"2021-8-1","15,423.44","15,039.04","15,697.80","14,788.46","","2.56%"
"2021-7-25","15,039.04","16,450.93","16,461.80","14,904.34","","-8.58%"
"2021-7-18","16,450.93","16,664.30","16,835.34","16,428.16","","-1.28%"
"2021-7-11","16,664.30","16,665.48","16,961.58","16,528.33","","-0.01%"
"2021-7-4","16,665.48","16,958.03","17,130.76","16,528.70","","-1.73%"
"2021-6-27","16,958.03","17,648.27","17,712.95","16,935.64","","-3.91%"
"2021-6-20","17,648.27","17,243.00","17,705.45","17,017.72","","2.35%"
"2021-6-13","17,243.00","17,886.70","17,904.53","17,108.36","","-3.60%"
"2021-6-6","17,886.70","18,150.06","18,251.55","17,763.51","","-1.45%"
"2021-5-30","18,150.06","18,301.30","18,361.07","17,910.52","","-0.83%"
"2021-5-23","18,301.30","17,407.75","18,537.30","17,286.87","","5.13%"
"2021-5-16","17,407.75","17,336.35","17,720.45","17,305.53","","0.41%"
"2021-5-9","17,336.35","16,931.77","17,350.51","16,691.32","","2.39%"
"2021-5-2","16,931.77","17,329.58","17,417.77","16,910.86","","-2.30%"
"2021-4-25","17,329.58","17,427.85","17,577.06","17,050.72","","-0.56%"
"2021-4-18","17,427.85","16,829.33","17,467.22","16,667.88","","3.56%"
"2021-4-11","16,829.33","17,067.71","17,107.68","16,553.40","","-1.40%"
"2021-4-4","17,067.71","17,722.02","17,779.97","17,021.45","","-3.69%"
"2021-3-28","17,722.02","17,222.64","17,729.56","17,117.00","","2.90%"
"2021-3-21","17,222.64","17,147.86","17,361.07","16,710.63","","0.44%"
"2021-3-14","17,147.86","17,687.35","17,772.03","17,045.66","","-3.05%"
"2021-3-7","17,687.35","17,941.07","18,126.19","16,824.75","","-1.41%"
"2021-2-28","17,941.07","18,316.96","18,628.55","17,619.11","","-2.05%"
"2021-2-21","18,316.96","19,998.12","20,000.76","18,293.84","","-8.41%"
"2021-2-14","19,998.12","20,134.90","20,547.73","19,648.01","","-0.68%"
"2021-2-7","20,134.90","19,174.08","20,200.00","19,091.24","","5.01%"
"2021-1-31","19,174.08","18,230.39","19,368.56","18,218.41","","5.18%"
"2021-1-24","18,230.39","18,638.51","19,056.62","18,046.80","","-2.19%"
"2021-1-17","18,638.51","18,497.51","18,782.92","18,283.97","","0.76%"
"2021-1-10","18,497.51","18,602.47","19,096.94","18,309.38","","-0.56%"
"2021-1-3","18,602.47","17,706.72","18,919.83","17,549.75","","5.06%"
"2020-12-27","17,706.72","16,987.04","17,733.52","16,980.62","","4.24%"
"2020-12-20","16,987.04","16,888.56","17,093.22","16,765.28","","0.58%"
"2020-12-13","16,888.56","16,525.41","17,046.44","16,525.41","","2.20%"
"2020-12-6","16,525.41","17,063.55","17,092.64","16,426.46","","-3.15%"
"2020-11-29","17,063.55","16,847.09","17,180.96","16,691.09","","1.28%"
"2020-11-22","16,847.09","16,512.82","16,847.09","16,412.20","","2.02%"
"2020-11-15","16,512.82","16,116.81","16,571.48","16,104.74","","2.46%"
"2020-11-8","16,116.81","16,299.22","16,656.16","16,015.90","","-1.12%"
"2020-11-1","16,299.22","15,724.42","16,395.13","15,687.27","","3.66%"
"2020-10-25","15,724.42","15,941.14","16,073.23","15,674.29","","-1.36%"
"2020-10-18","15,941.14","15,984.49","16,256.30","15,858.29","","-0.27%"
"2020-10-11","15,984.49","15,454.99","16,086.62","15,454.99","","3.43%"
"2020-10-4","15,454.99","15,209.27","15,510.35","15,209.27","","1.62%"
"2020-9-27","15,209.27","15,126.81","15,366.01","15,126.81","","0.55%"
"2020-9-20","15,126.81","15,678.89","15,722.31","15,085.16","","-3.52%"
"2020-9-13","15,678.89","15,354.58","15,678.89","15,242.64","","2.11%"
"2020-9-6","15,354.58","15,532.78","15,629.17","15,099.30","","-1.15%"
"2020-8-30","15,532.78","15,818.02","16,006.39","15,406.47","","-1.80%"
"2020-8-23","15,818.02","15,383.66","15,831.48","15,297.09","","2.82%"
"2020-8-16","15,383.66","15,399.73","15,852.49","15,229.39","","-0.10%"
"2020-8-9","15,399.73","15,199.34","15,567.61","15,023.53","","1.32%"
"2020-8-2","15,199.34","15,281.36","15,561.41","15,004.00","","-0.54%"
"2020-7-26","15,281.36","14,868.79","15,464.69","14,763.50","","2.77%"
"2020-7-19","14,868.79","15,124.51","15,821.44","14,764.42","","-1.69%"
"2020-7-12","15,124.51","15,824.70","16,165.21","14,951.46","","-4.42%"
"2020-7-5","15,824.70","14,940.91","16,355.54","14,940.91","","5.92%"
"2020-6-28","14,940.91","13,938.63","14,940.91","13,785.72","","7.19%"
"2020-6-21","13,938.63","13,912.55","13,957.54","13,754.79","","0.19%"
"2020-6-14","13,912.55","13,713.03","13,943.76","13,472.26","","1.45%"
"2020-6-7","13,713.03","13,768.23","13,967.92","13,469.78","","-0.40%"
"2020-5-31","13,768.23","13,266.12","13,870.06","13,266.12","","3.78%"
"2020-5-24","13,266.12","13,113.34","13,384.77","13,016.76","","1.17%"
"2020-5-17","13,113.34","13,328.00","13,554.69","13,109.25","","-1.61%"
"2020-5-10","13,328.00","13,526.28","13,667.24","13,306.63","","-1.47%"
"2020-5-3","13,526.28","13,447.92","13,575.33","13,254.91","","0.58%"
"2020-4-26","13,447.92","13,007.05","13,567.76","13,007.05","","3.39%"
"2020-4-19","13,007.05","13,116.19","13,196.18","12,914.00","","-0.83%"
"2020-4-12","13,116.19","12,866.16","13,191.03","12,794.17","","1.94%"
"2020-4-5","12,866.16","12,698.12","13,023.67","12,698.12","","1.32%"
"2020-3-29","12,698.12","12,666.99","12,775.83","12,469.90","","0.25%"
"2020-3-22","12,666.99","12,309.49","12,814.02","11,909.12","","2.90%"
"2020-3-15","12,309.49","13,192.21","13,192.21","11,752.85","","-6.69%"
"2020-3-8","13,192.21","13,940.55","13,940.55","12,811.03","","-5.37%"
"2020-3-1","13,940.55","13,318.95","14,214.97","13,318.95","","4.67%"
"2020-2-23","13,318.95","13,945.34","13,945.34","13,291.45","","-4.49%"
"2020-2-16","13,945.34","13,646.93","14,035.78","13,632.23","","2.19%"
"2020-2-9","13,646.93","13,426.71","13,696.95","13,260.81","","1.64%"
"2020-2-2","13,426.71","13,791.36","13,791.36","12,622.61","","-2.64%"
"2020-1-19","13,791.36","14,393.72","14,489.14","13,691.30","","-4.18%"
"2020-1-12","14,393.72","14,469.96","14,686.75","14,346.96","","-0.53%"
"2020-1-5","14,469.96","14,460.45","14,525.73","14,263.15","","0.07%"
"2019-12-29","14,460.45","14,173.74","14,610.87","14,118.72","","2.02%"
"2019-12-22","14,173.74","14,189.57","14,301.66","13,983.00","","-0.11%"
"2019-12-15","14,189.57","14,093.58","14,328.37","13,974.09","","0.68%"
"2019-12-8","14,093.58","13,830.16","14,093.58","13,747.56","","1.90%"
"2019-12-1","13,830.16","13,588.23","13,830.16","13,523.58","","1.78%"
"2019-11-24","13,588.23","13,704.50","13,924.34","13,512.41","","-0.85%"
"2019-11-17","13,704.50","13,906.17","14,111.63","13,655.68","","-1.45%"
"2019-11-10","13,906.17","14,219.66","14,219.66","13,893.01","","-2.20%"
"2019-11-3","14,219.66","14,164.56","14,465.02","14,164.56","","0.39%"
"2019-10-27","14,164.56","13,921.79","14,189.72","13,854.24","","1.74%"
"2019-10-20","13,921.79","13,882.51","14,038.96","13,773.34","","0.28%"
"2019-10-13","13,882.51","13,963.07","14,237.21","13,866.39","","-0.58%"
"2019-10-6","13,963.07","13,564.30","13,989.14","13,564.30","","2.94%"
"2019-9-29","13,564.30","13,705.82","13,721.77","13,561.34","","-1.03%"
"2019-9-22","13,705.82","13,850.17","13,850.17","13,625.68","","-1.04%"
"2019-9-15","13,850.17","13,979.67","13,997.06","13,653.93","","-0.93%"
"2019-9-8","13,979.67","13,952.54","14,070.46","13,732.23","","0.19%"
"2019-9-1","13,952.54","13,494.06","13,999.20","13,481.32","","3.40%"
"2019-8-25","13,494.06","13,657.52","13,657.52","13,332.20","","-1.20%"
"2019-8-18","13,657.52","13,231.08","13,689.26","13,226.00","","3.22%"
"2019-8-11","13,231.08","12,987.74","13,340.62","12,920.04","","1.87%"
"2019-8-4","12,987.74","13,305.25","13,305.25","12,720.30","","-2.39%"
"2019-7-28","13,305.25","13,746.34","13,864.77","13,207.03","","-3.21%"
"2019-7-21","13,746.34","13,544.76","13,768.72","13,444.90","","1.49%"
"2019-7-14","13,544.76","13,606.90","13,664.10","13,346.57","","-0.46%"
"2019-7-7","13,606.90","13,864.53","13,864.53","13,446.21","","-1.86%"
"2019-6-30","13,864.53","13,589.98","13,999.77","13,589.98","","2.02%"
"2019-6-23","13,589.98","13,608.10","13,703.89","13,304.86","","-0.13%"
"2019-6-16","13,608.10","12,975.72","13,731.30","12,950.13","","4.87%"
"2019-6-9","12,975.72","12,622.15","13,168.45","12,622.15","","2.80%"
"2019-6-2","12,622.15","12,722.47","12,882.11","12,588.39","","-0.79%"
"2019-5-26","12,722.47","12,635.06","12,977.11","12,456.42","","0.69%"
"2019-5-19","12,635.06","12,817.62","12,956.40","12,513.21","","-1.42%"
"2019-5-12","12,817.62","13,006.13","13,102.48","12,677.77","","-1.45%"
"2019-5-5","13,006.13","13,662.98","13,662.98","12,473.25","","-4.81%"
"2019-4-28","13,662.98","13,413.76","13,791.49","13,408.41","","1.86%"
"2019-4-21","13,413.76","14,169.02","14,179.36","13,409.80","","-5.33%"
"2019-4-14","14,169.02","13,520.09","14,169.02","13,481.04","","4.80%"
"2019-4-7","13,520.09","13,610.36","13,915.17","13,426.55","","-0.66%"
"2019-3-31","13,610.36","13,094.88","13,646.12","13,094.69","","3.94%"
"2019-3-24","13,094.88","12,835.38","13,118.09","12,379.34","","2.02%"
"2019-3-17","12,835.38","12,651.86","13,064.60","12,623.04","","1.45%"
"2019-3-10","12,651.86","12,298.11","12,776.31","12,225.49","","2.88%"
"2019-3-3","12,298.11","12,879.60","13,305.95","12,287.90","","-4.51%"
"2019-2-24","12,879.60","12,009.64","12,879.60","12,009.64","","7.24%"
"2019-2-17","12,009.64","11,562.03","12,009.64","11,562.03","","3.87%"
"2019-2-10","11,562.03","11,496.77","11,885.36","11,426.31","","0.57%"
"2019-2-3","11,496.77","11,496.77","11,496.77","11,496.77","","0.00%"
"2019-1-27","11,496.77","11,168.29","11,522.23","11,106.98","","2.94%"
"2019-1-20","11,168.29","11,029.99","11,223.49","10,899.99","","1.25%"
"2019-1-13","11,029.99","10,700.29","11,046.40","10,588.22","","3.08%"
"2019-1-6","10,700.29","10,485.65","10,725.38","10,411.42","","2.05%"
"2018-12-30","10,485.65","10,387.55","10,491.83","10,192.29","","0.94%"
"2018-12-23","10,387.55","10,446.10","10,472.01","10,217.61","","-0.56%"
"2018-12-16","10,446.10","11,006.93","11,035.40","10,361.58","","-5.10%"
"2018-12-9","11,006.93","10,991.05","11,206.23","10,829.89","","0.14%"
"2018-12-2","10,991.05","11,001.01","11,329.86","10,974.94","","-0.09%"
"2018-11-25","11,001.01","10,878.46","11,084.14","10,818.71","","1.13%"
"2018-11-18","10,878.46","11,157.50","11,311.45","10,867.09","","-2.50%"
"2018-11-11","11,157.50","11,020.70","11,251.58","10,923.22","","1.24%"
"2018-11-4","11,020.70","11,542.51","11,542.51","11,014.91","","-4.52%"
"2018-10-28","11,542.51","11,276.26","11,558.70","10,759.82","","2.36%"
"2018-10-21","11,276.26","11,185.56","11,716.60","11,027.36","","0.81%"
"2018-10-14","11,185.56","11,121.25","11,207.73","10,738.52","","0.58%"
"2018-10-7","11,121.25","11,873.28","11,873.28","10,771.59","","-6.33%"
"2018-9-30","11,873.28","11,873.28","11,873.28","11,873.28","","0.00%"
"2018-9-23","11,873.28","11,755.58","11,943.13","11,557.08","","1.00%"
"2018-9-16","11,755.58","11,056.57","11,755.58","10,924.19","","6.32%"
"2018-9-9","11,056.57","11,089.41","11,101.18","10,805.06","","-0.30%"
"2018-9-2","11,089.41","11,304.44","11,463.52","10,978.72","","-1.90%"
"2018-8-26","11,304.44","11,282.06","11,593.91","11,212.89","","0.20%"
"2018-8-19","11,282.06","10,854.31","11,395.38","10,842.02","","3.94%"
"2018-8-12","10,854.31","11,460.92","11,460.92","10,805.02","","-5.29%"
"2018-8-5","11,460.92","11,055.51","11,545.74","10,961.24","","3.67%"
"2018-7-29","11,055.51","11,676.03","11,837.06","11,053.69","","-5.31%"
"2018-7-22","11,676.03","11,553.20","11,917.75","11,464.06","","1.06%"
"2018-7-15","11,553.20","11,514.19","11,611.76","11,154.46","","0.34%"
"2018-7-8","11,514.19","11,146.71","11,584.55","11,146.71","","3.30%"
"2018-7-1","11,146.71","11,585.03","11,585.03","10,835.15","","-3.78%"
"2018-6-24","11,585.03","12,102.48","12,161.88","11,279.69","","-4.28%"
"2018-6-17","12,102.48","12,482.79","12,482.79","11,962.01","","-3.05%"
"2018-6-10","12,482.79","12,371.03","12,612.90","12,296.26","","0.90%"
"2018-6-3","12,371.03","12,274.66","12,655.75","12,274.66","","0.79%"
"2018-5-27","12,274.66","12,258.96","12,389.77","12,037.00","","0.13%"
"2018-5-20","12,258.96","12,659.68","12,767.55","12,211.69","","-3.17%"
"2018-5-13","12,659.68","12,573.73","12,788.54","12,412.95","","0.68%"
"2018-5-6","12,573.73","12,153.37","12,662.02","12,125.66","","3.46%"
"2018-4-29","12,153.37","12,192.25","12,282.51","12,059.69","","-0.32%"
"2018-4-22","12,192.25","12,247.25","12,686.61","12,023.71","","-0.45%"
"2018-4-15","12,247.25","12,596.33","12,599.05","12,045.50","","-2.77%"
"2018-4-8","12,596.33","12,520.16","12,983.04","12,434.08","","0.61%"
"2018-4-1","12,520.16","12,637.81","12,787.57","12,414.38","","-0.93%"
"2018-3-25","12,637.81","12,959.44","12,959.44","12,277.43","","-2.48%"
"2018-3-18","12,959.44","13,370.32","13,606.79","12,736.73","","-3.07%"
"2018-3-11","13,370.32","13,575.69","13,683.38","13,341.31","","-1.51%"
"2018-3-4","13,575.69","13,299.80","13,612.78","13,170.21","","2.07%"
"2018-2-25","13,299.80","13,742.76","13,875.94","13,221.60","","-3.22%"
"2018-2-18","13,742.76","13,353.50","13,796.81","13,353.50","","2.92%"
"2018-2-11","13,353.50","12,951.00","13,425.85","12,840.45","","3.11%"
"2018-2-4","12,951.00","14,574.01","14,650.01","12,548.08","","-11.14%"
"2018-1-28","14,574.01","14,774.37","14,851.07","14,191.90","","-1.36%"
"2018-1-21","14,774.37","14,476.75","14,939.48","14,416.61","","2.06%"
"2018-1-14","14,476.75","14,041.02","14,632.28","14,041.02","","3.10%"
"2018-1-7","14,041.02","13,565.95","14,046.98","13,526.17","","3.50%"
"2017-12-31","13,565.95","13,195.72","13,618.34","13,195.72","","2.81%"
"2017-12-24","13,195.72","13,295.26","13,467.51","13,044.90","","-0.75%"
"2017-12-17","13,295.26","12,908.70","13,401.73","12,908.70","","2.99%"
"2017-12-10","12,908.70","13,065.67","13,282.29","12,890.87","","-1.20%"
"2017-12-3","13,065.39","12,988.52","13,342.47","12,884.49","","0.59%"
"2017-11-26","12,988.52","13,472.32","13,472.32","12,962.69","","-3.59%"
"2017-11-19","13,472.32","13,418.55","13,992.10","13,244.81","","0.40%"
"2017-11-12","13,418.55","13,120.42","13,428.31","12,998.43","","2.27%"
"2017-11-5","13,120.42","12,800.87","13,137.82","12,712.40","","2.50%"
"2017-10-29","12,800.87","12,804.75","12,913.48","12,676.21","","-0.03%"
"2017-10-22","12,804.75","12,397.84","12,817.17","12,349.67","","3.28%"
"2017-10-15","12,397.84","12,277.63","12,488.53","12,275.41","","0.98%"
"2017-10-8","12,277.63","11,962.60","12,304.75","11,962.60","","2.63%"
"2017-10-1","11,962.60","11,962.60","11,962.60","11,962.60","","0.00%"
"2017-9-24","11,962.60","12,002.73","12,014.81","11,885.35","","-0.33%"
"2017-9-17","12,002.73","11,918.09","12,041.06","11,898.14","","0.71%"
"2017-9-10","11,918.09","12,007.03","12,116.30","11,879.26","","-0.74%"
"2017-9-3","12,007.03","12,071.39","12,223.55","11,977.84","","-0.53%"
"2017-8-27","12,071.39","12,088.02","12,330.78","12,016.96","","-0.14%"
"2017-8-20","12,088.02","11,646.10","12,092.49","11,631.89","","3.79%"
"2017-8-13","11,646.10","11,465.40","11,704.17","11,456.18","","1.58%"
"2017-8-6","11,465.40","11,728.36","11,802.97","11,435.68","","-2.24%"
"2017-7-30","11,728.36","11,821.24","12,037.23","11,725.14","","-0.79%"
"2017-7-23","11,821.24","11,808.53","11,966.59","11,695.20","","0.11%"
"2017-7-16","11,808.53","11,738.04","11,919.20","11,603.24","","0.60%"
"2017-7-9","11,738.04","11,362.53","11,740.34","11,320.35","","3.28%"
"2017-7-2","11,364.95","11,460.25","11,471.65","11,219.72","","-0.83%"
"2017-6-25","11,460.25","11,362.71","11,512.15","11,362.71","","0.86%"
"2017-6-18","11,362.71","10,975.45","11,420.58","10,967.37","","3.53%"
"2017-6-11","10,975.45","11,303.03","11,427.47","10,954.62","","-2.90%"
"2017-6-4","11,303.03","11,047.97","11,387.92","10,895.04","","2.31%"
"2017-5-28","11,047.97","10,992.12","11,148.02","10,948.66","","0.51%"
"2017-5-21","10,992.12","10,496.74","11,050.58","10,479.82","","4.72%"
"2017-5-14","10,496.74","10,549.52","10,633.02","10,417.37","","-0.50%"
"2017-5-7","10,549.52","10,269.78","10,553.19","10,174.79","","2.72%"
"2017-4-30","10,269.78","10,390.58","10,395.09","10,183.23","","-1.16%"
"2017-4-23","10,390.58","10,380.30","10,458.39","10,263.45","","0.10%"
"2017-4-16","10,380.30","10,366.47","10,391.87","10,216.21","","0.13%"
"2017-4-9","10,366.47","10,516.06","10,527.54","10,323.26","","-1.42%"
"2017-4-2","10,516.06","10,407.13","10,548.58","10,406.09","","1.05%"
"2017-3-26","10,407.13","10,433.36","10,506.42","10,292.28","","-0.25%"
"2017-3-19","10,433.36","10,346.30","10,469.90","10,272.21","","0.84%"
"2017-3-12","10,346.30","10,326.07","10,494.05","10,286.85","","0.20%"
"2017-3-5","10,326.07","10,348.62","10,423.07","10,294.68","","-0.22%"
"2017-2-26","10,348.62","10,528.76","10,529.12","10,311.44","","-1.71%"
"2017-2-19","10,528.76","10,414.30","10,640.71","10,413.28","","1.10%"
"2017-2-12","10,414.30","10,383.54","10,525.72","10,383.54","","0.30%"
"2017-2-5","10,383.54","10,253.79","10,409.09","10,186.30","","1.27%"
"2017-1-29","10,253.79","10,361.64","10,384.75","10,249.07","","-0.75%"
"2017-1-22","10,331.03","10,273.21","10,333.09","10,247.84","","0.56%"
"2017-1-15","10,273.21","10,102.11","10,285.10","10,011.03","","1.69%"
"2017-1-8","10,102.11","10,083.43","10,138.38","10,033.48","","0.19%"
"2017-1-1","10,083.43","13,195.72","13,195.72","9,970.30","","1.13%"
"2016-12-25","9,970.30","9,929.06","10,015.82","9,815.17","","0.42%"
"2016-12-18","9,929.06","10,075.19","10,075.38","9,878.43","","-1.45%"
"2016-12-11","10,075.19","10,551.92","10,614.56","10,049.50","","-4.52%"
"2016-12-4","10,551.92","10,532.65","10,597.38","10,305.13","","0.18%"
"2016-11-27","10,532.65","10,459.04","10,705.12","10,459.04","","0.70%"
"2016-11-20","10,459.04","10,046.60","10,461.82","10,037.76","","4.11%"
"2016-11-13","10,046.60","10,058.52","10,176.12","10,006.28","","-0.12%"
"2016-11-6","10,058.52","9,920.65","10,087.65","9,809.52","","1.39%"
"2016-10-30","9,920.65","9,870.69","9,982.00","9,793.89","","0.51%"
"2016-10-23","9,870.69","9,830.77","10,000.62","9,810.15","","0.41%"
"2016-10-16","9,830.77","9,703.09","9,849.16","9,615.51","","1.32%"
"2016-10-9","9,703.09","9,598.73","9,723.91","9,598.73","","1.09%"
"2016-10-2","9,598.73","9,598.73","9,598.73","9,598.73","","0.20%"
"2016-9-25","9,579.52","9,659.31","9,659.31","9,514.99","","-0.83%"
"2016-9-18","9,659.31","9,557.45","9,724.45","9,556.40","","1.07%"
"2016-9-11","9,557.45","9,811.74","9,811.74","9,542.39","","-2.59%"
"2016-9-4","9,811.74","9,804.58","9,885.60","9,778.13","","0.07%"
"2016-8-28","9,804.58","9,743.45","9,832.67","9,682.37","","0.63%"
"2016-8-21","9,743.45","9,863.87","9,911.06","9,685.45","","-1.22%"
"2016-8-14","9,863.87","9,763.97","10,123.12","9,763.97","","1.02%"
"2016-8-7","9,763.97","9,434.57","9,764.24","9,384.94","","3.49%"
"2016-7-31","9,434.57","9,457.03","9,480.97","9,357.77","","-0.24%"
"2016-7-24","9,457.03","9,450.34","9,555.95","9,321.99","","0.07%"
"2016-7-17","9,450.34","9,594.54","9,667.84","9,437.46","","-1.50%"
"2016-7-10","9,594.54","9,400.07","9,616.03","9,393.27","","2.07%"
"2016-7-3","9,400.07","9,343.52","9,518.88","9,315.39","","0.61%"
"2016-6-26","9,343.52","9,127.61","9,370.17","9,106.55","","2.37%"
"2016-6-19","9,127.61","9,234.24","9,356.80","9,026.43","","-1.15%"
"2016-6-12","9,234.24","9,573.97","9,573.97","9,234.24","","-3.55%"
"2016-6-5","9,573.97","9,655.50","9,656.03","9,540.81","","-0.84%"
"2016-5-29","9,655.50","9,348.53","9,694.41","9,318.03","","3.28%"
"2016-5-22","9,348.53","9,374.01","9,421.58","9,293.72","","-0.27%"
"2016-5-15","9,374.01","9,348.82","9,382.56","9,259.95","","0.27%"
"2016-5-8","9,348.82","9,448.79","9,448.79","9,257.14","","-1.06%"
"2016-5-1","9,448.79","9,569.56","9,698.56","9,447.37","","-1.26%"
"2016-4-24","9,569.56","9,652.27","9,677.58","9,540.54","","-0.86%"
"2016-4-17","9,652.27","9,722.73","9,722.73","9,370.63","","-0.72%"
"2016-4-10","9,722.73","9,485.94","9,777.75","9,485.94","","2.50%"
"2016-4-3","9,485.94","9,658.04","9,733.41","9,448.66","","-1.78%"
"2016-3-27","9,658.04","9,581.59","9,671.25","9,393.03","","0.80%"
"2016-3-20","9,581.59","9,531.39","9,823.16","9,530.15","","0.53%"
"2016-3-13","9,531.39","9,236.49","9,624.56","9,191.87","","3.19%"
"2016-3-6","9,236.49","9,434.82","9,481.65","9,107.15","","-2.10%"
"2016-2-28","9,434.82","8,821.18","9,458.43","8,550.67","","6.96%"
"2016-2-21","8,821.18","8,998.68","9,237.47","8,697.40","","-1.97%"
"2016-2-14","8,998.68","8,851.03","9,123.90","8,628.05","","1.67%"
"2016-2-7","8,851.03","8,851.03","8,851.03","8,851.03","","-0.25%"
"2016-1-31","8,872.83","8,887.48","8,911.68","8,655.96","","-0.16%"
"2016-1-24","8,887.48","9,254.13","9,302.21","8,586.86","","-3.96%"
"2016-1-17","9,254.13","9,314.24","9,574.18","9,106.72","","-0.65%"
"2016-1-10","9,314.24","9,906.67","9,906.67","9,250.05","","-5.98%"
"2016-1-3","9,906.67","10,711.64","10,711.64","9,648.70","","-7.51%"
"2015-12-27","10,711.64","10,998.66","11,042.15","10,646.30","","-2.61%"
"2015-12-20","10,998.66","10,719.77","11,234.12","10,675.50","","2.60%"
"2015-12-13","10,719.77","10,304.99","10,907.53","10,191.45","","4.03%"
"2015-12-6","10,304.99","10,514.53","10,566.71","10,218.17","","-1.99%"
"2015-11-29","10,514.53","10,124.90","10,852.12","9,914.07","","3.85%"
"2015-11-22","10,124.90","10,688.16","10,776.75","10,063.75","","-5.27%"
"2015-11-15","10,688.16","10,614.73","10,907.03","10,455.46","","0.69%"
"2015-11-8","10,614.73","10,850.50","11,281.93","10,601.97","","-2.17%"
"2015-11-1","10,850.50","10,048.23","10,910.29","9,855.40","","7.98%"
"2015-10-25","10,048.23","10,174.34","10,333.67","9,975.72","","-1.24%"
"2015-10-18","10,174.34","10,072.61","10,300.34","9,874.31","","1.01%"
"2015-10-11","10,072.61","9,646.10","10,102.59","9,645.73","","4.42%"
"2015-10-4","9,646.10","9,329.07","9,703.09","9,329.07","","4.37%"
"2015-9-27","9,242.57","9,477.70","9,478.27","9,182.81","","-2.48%"
"2015-9-20","9,477.70","9,570.67","9,837.22","9,350.94","","-0.97%"
"2015-9-13","9,570.67","9,762.84","10,038.00","9,458.09","","-1.97%"
"2015-9-6","9,762.84","10,025.07","10,025.75","9,343.48","","-2.62%"
"2015-8-30","10,025.07","9,648.59","10,040.58","9,268.64","","3.90%"
"2015-8-23","9,648.59","10,064.74","10,064.74","8,451.14","","-4.13%"
"2015-8-16","10,064.74","11,369.13","11,369.13","10,035.17","","-11.47%"
"2015-8-9","11,369.13","11,063.25","11,553.97","11,063.25","","2.76%"
"2015-8-2","11,063.25","10,911.36","11,223.55","10,742.47","","1.39%"
"2015-7-26","10,911.36","12,029.49","12,029.49","10,659.18","","-9.29%"
"2015-7-19","12,029.49","12,335.26","12,368.45","11,961.81","","-2.48%"
"2015-7-12","12,335.26","12,791.10","12,990.89","11,825.44","","-3.56%"
"2015-7-5","12,791.10","11,475.58","13,251.75","11,067.98","","11.46%"
"2015-6-28","11,475.58","12,069.46","12,740.29","11,203.67","","-4.92%"
"2015-6-21","12,069.46","12,612.80","13,476.51","11,787.32","","-4.31%"
"2015-6-14","12,612.80","14,452.95","14,501.20","12,600.91","","-12.73%"
"2015-6-7","14,452.95","14,357.81","15,146.91","14,308.03","","0.66%"
"2015-5-31","14,357.81","13,444.67","14,566.24","13,327.36","","6.79%"
"2015-5-24","13,444.67","14,071.91","14,704.34","13,140.02","","-4.46%"
"2015-5-17","14,071.91","13,270.45","14,075.95","12,985.91","","6.04%"
"2015-5-10","13,270.45","13,500.15","13,894.98","13,189.02","","-1.70%"
"2015-5-3","13,500.15","14,158.26","14,295.31","13,178.61","","-4.65%"
"2015-4-26","14,158.26","13,888.64","14,767.19","13,888.64","","1.94%"
"2015-4-19","13,888.64","14,074.23","14,327.25","13,562.29","","-1.32%"
"2015-4-12","14,074.23","12,901.09","14,213.90","12,901.09","","9.09%"
"2015-4-5","12,901.09","12,184.44","13,050.94","12,184.44","","5.88%"
"2015-3-29","12,184.44","11,679.44","12,461.82","11,673.60","","4.32%"
"2015-3-22","11,679.44","11,646.16","11,875.75","11,398.19","","0.29%"
"2015-3-15","11,646.16","10,876.81","11,781.27","10,835.15","","7.07%"
"2015-3-8","10,876.81","10,321.95","11,062.02","10,114.15","","5.38%"
"2015-3-1","10,321.95","10,875.82","10,972.03","10,231.00","","-5.09%"
"2015-2-22","10,875.82","10,768.42","10,979.61","10,489.37","","1.83%"
"2015-2-15","10,680.78","10,684.78","10,709.43","10,608.06","","-0.04%"
"2015-2-8","10,684.78","10,257.36","10,841.38","10,187.91","","4.17%"
"2015-2-1","10,257.36","10,622.76","10,855.06","10,161.85","","-3.44%"
"2015-1-25","10,622.76","11,334.26","11,334.26","10,590.66","","-6.28%"
"2015-1-18","11,334.26","11,756.48","11,756.48","10,433.08","","-3.59%"
"2015-1-11","11,756.48","11,431.36","11,906.76","11,100.49","","2.84%"
"2015-1-4","11,431.36","11,517.68","12,065.66","11,287.34","","-0.75%"
"2014-12-28","11,517.68","10,935.12","11,557.15","10,832.63","","5.33%"
"2014-12-21","10,935.12","10,579.28","11,054.58","9,922.83","","3.36%"
"2014-12-14","10,579.28","9,651.66","10,653.42","9,423.02","","9.61%"
"2014-12-7","9,651.66","9,708.23","10,517.28","9,285.88","","-0.58%"
"2014-11-30","9,708.23","8,480.03","9,936.79","8,461.14","","14.48%"
"2014-11-23","8,480.03","7,638.09","8,485.23","7,632.00","","11.02%"
"2014-11-16","7,638.09","7,748.69","7,887.14","7,414.08","","-1.43%"
"2014-11-9","7,748.69","7,343.11","7,826.97","7,343.11","","5.52%"
"2014-11-2","7,343.11","7,421.12","7,454.82","7,274.66","","-1.05%"
"2014-10-26","7,421.12","7,098.40","7,457.58","6,958.48","","4.55%"
"2014-10-19","7,098.40","7,197.56","7,229.60","7,087.69","","-1.38%"
"2014-10-12","7,197.56","7,262.11","7,280.38","7,122.12","","-0.89%"
"2014-10-5","7,262.11","7,237.98","7,342.47","7,216.13","","0.23%"
"2014-9-28","7,245.56","7,237.56","7,277.90","7,213.35","","0.11%"
"2014-9-21","7,237.56","7,285.35","7,339.61","7,103.68","","-0.66%"
"2014-9-14","7,285.35","7,331.35","7,331.70","7,179.73","","-0.63%"
"2014-9-7","7,331.35","7,472.15","7,485.11","7,266.27","","-1.88%"
"2014-8-31","7,472.15","7,143.80","7,478.92","7,128.31","","4.60%"
"2014-8-24","7,143.80","7,208.63","7,212.37","7,054.88","","-0.90%"
"2014-8-17","7,208.63","7,277.57","7,332.70","7,116.67","","-0.95%"
"2014-8-10","7,277.57","7,219.52","7,336.09","7,199.05","","0.80%"
"2014-8-3","7,219.52","7,299.86","7,467.21","7,169.89","","-1.10%"
"2014-7-27","7,299.86","7,065.04","7,439.34","7,065.04","","3.32%"
"2014-7-20","7,065.04","6,701.88","7,068.35","6,692.03","","5.42%"
"2014-7-13","6,701.88","6,622.67","6,738.12","6,617.44","","1.20%"
"2014-7-6","6,622.67","6,739.06","6,767.56","6,588.64","","-1.73%"
"2014-6-29","6,739.06","6,685.21","6,747.56","6,665.18","","0.81%"
"2014-6-22","6,685.21","6,718.68","6,738.45","6,636.50","","-0.50%"
"2014-6-15","6,718.68","6,831.73","6,905.62","6,671.81","","-1.65%"
"2014-6-8","6,831.73","6,668.54","6,856.27","6,639.34","","2.45%"
"2014-6-1","6,668.54","6,729.53","6,766.15","6,620.61","","-0.91%"
"2014-5-25","6,729.53","6,696.94","6,792.51","6,671.33","","0.49%"
"2014-5-18","6,696.94","6,698.74","6,731.84","6,529.80","","-0.03%"
"2014-5-11","6,698.74","6,655.12","6,787.99","6,655.12","","0.66%"
"2014-5-4","6,655.12","6,734.79","6,758.04","6,629.51","","-1.18%"
"2014-4-27","6,734.79","6,732.43","6,769.98","6,651.73","","0.04%"
"2014-4-20","6,732.43","6,838.00","6,859.24","6,689.89","","-1.54%"
"2014-4-13","6,838.00","7,065.40","7,079.60","6,759.28","","-3.22%"
"2014-4-6","7,065.40","6,713.62","7,130.98","6,699.91","","5.24%"
"2014-3-30","6,713.62","6,615.20","6,776.78","6,579.60","","1.49%"
"2014-3-23","6,615.20","6,591.96","6,675.49","6,512.35","","0.35%"
"2014-3-16","6,591.96","6,447.28","6,610.60","6,316.16","","2.24%"
"2014-3-9","6,447.28","6,556.68","6,573.22","6,361.63","","-1.67%"
"2014-3-2","6,556.68","6,589.70","6,624.05","6,444.17","","-0.50%"
"2014-2-23","6,589.70","6,810.80","6,810.80","6,448.26","","-3.25%"
"2014-2-16","6,810.80","6,918.14","7,036.53","6,770.87","","-1.55%"
"2014-2-9","6,918.14","6,676.75","6,990.63","6,676.75","","3.62%"
"2014-2-2","6,676.75","6,687.95","6,687.95","6,598.11","","-1.43%"
"2014-1-26","6,773.49","6,815.96","6,815.96","6,695.39","","-0.62%"
"2014-1-19","6,815.96","6,682.26","6,878.11","6,622.22","","2.00%"
"2014-1-12","6,682.26","6,756.57","6,804.33","6,660.82","","-1.10%"
"2014-1-5","6,756.57","6,913.72","6,914.78","6,725.00","","-2.27%"
"2013-12-29","6,913.72","7,016.87","7,113.66","6,880.67","","-1.47%"
"2013-12-22","7,016.87","6,934.89","7,064.14","6,888.64","","1.18%"
"2013-12-15","6,934.89","7,380.66","7,404.63","6,934.89","","-6.04%"
"2013-12-8","7,380.66","7,583.05","7,640.16","7,310.89","","-2.67%"
"2013-12-1","7,583.05","7,501.44","7,724.09","7,478.01","","1.09%"
"2013-11-24","7,501.44","7,424.74","7,583.82","7,355.01","","1.03%"
"2013-11-17","7,424.74","7,239.32","7,565.63","7,239.32","","2.56%"
"2013-11-10","7,239.32","7,163.23","7,315.72","7,045.21","","1.06%"
"2013-11-3","7,163.23","7,435.17","7,504.13","7,155.45","","-3.66%"
"2013-10-27","7,435.17","7,224.05","7,460.15","7,169.16","","2.92%"
"2013-10-20","7,224.05","7,324.21","7,460.47","7,183.34","","-1.37%"
"2013-10-13","7,324.21","7,495.25","7,503.68","7,280.34","","-2.28%"
"2013-10-6","7,495.25","7,374.41","7,508.38","7,286.10","","1.64%"
"2013-9-29","7,374.41","7,361.00","7,419.51","7,343.92","","0.18%"
"2013-9-22","7,361.00","7,613.08","7,692.59","7,299.62","","-3.31%"
"2013-9-15","7,613.08","7,834.97","7,899.54","7,538.84","","-2.83%"
"2013-9-8","7,834.97","7,254.61","8,042.26","7,254.61","","8.00%"
"2013-9-1","7,254.61","7,119.37","7,273.11","7,064.53","","1.90%"
"2013-8-25","7,119.37","7,022.07","7,202.09","7,016.92","","1.39%"
"2013-8-18","7,022.07","7,129.14","7,298.40","6,920.43","","-1.50%"
"2013-8-11","7,129.14","6,932.69","7,591.38","6,932.69","","2.83%"
"2013-8-4","6,932.69","6,894.55","7,052.06","6,851.69","","0.55%"
"2013-7-28","6,894.55","6,816.02","6,998.05","6,634.66","","1.15%"
"2013-7-21","6,816.02","6,791.88","7,023.03","6,677.86","","0.36%"
"2013-7-14","6,791.88","7,117.36","7,306.33","6,771.65","","-4.57%"
"2013-7-7","7,117.36","6,919.98","7,403.38","6,747.46","","2.85%"
"2013-6-30","6,919.98","6,933.82","6,968.35","6,718.46","","-0.20%"
"2013-6-23","6,933.82","7,238.37","7,238.37","6,347.52","","-4.21%"
"2013-6-16","7,238.37","7,586.83","7,627.21","7,095.95","","-4.59%"
"2013-6-9","7,586.83","7,844.13","7,844.13","7,489.31","","-3.28%"
"2013-6-2","7,844.13","8,222.32","8,267.70","7,822.09","","-4.60%"
"2013-5-26","8,222.32","8,187.22","8,422.09","8,141.56","","0.43%"
"2013-5-19","8,187.22","8,242.18","8,399.79","8,124.85","","-0.67%"
"2013-5-12","8,242.18","8,152.74","8,267.86","7,908.04","","1.10%"
"2013-5-5","8,152.74","8,025.93","8,246.26","8,025.93","","1.58%"
"2013-4-28","8,025.93","7,885.55","8,137.06","7,813.12","","1.78%"
"2013-4-21","7,885.55","8,172.25","8,189.84","7,840.85","","-3.51%"
"2013-4-14","8,172.25","7,910.48","8,207.51","7,790.53","","3.31%"
"2013-4-7","7,910.48","8,010.26","8,065.09","7,805.87","","-1.25%"
"2013-3-31","8,010.26","8,000.42","8,090.93","7,937.12","","0.12%"
"2013-3-24","8,000.42","8,469.56","8,555.28","7,941.61","","-5.54%"
"2013-3-17","8,469.56","8,219.97","8,510.80","8,047.51","","3.04%"
"2013-3-10","8,219.97","8,496.00","8,498.76","8,093.77","","-3.25%"
"2013-3-3","8,496.00","8,741.71","8,741.71","8,195.77","","-2.81%"
"2013-2-24","8,741.71","8,438.27","8,824.26","8,353.56","","3.60%"
"2013-2-17","8,438.27","9,140.19","9,210.22","8,409.10","","-7.79%"
"2013-2-3","9,151.07","9,227.53","9,354.82","9,005.67","","-0.83%"
"2013-1-27","9,227.53","8,499.14","9,236.22","8,499.14","","8.57%"
"2013-1-20","8,499.14","8,452.08","8,845.26","8,384.21","","0.56%"
"2013-1-13","8,452.08","8,174.90","8,547.62","8,142.36","","3.39%"
"2013-1-6","8,174.90","8,400.41","8,488.34","8,137.24","","-2.68%"
"2012-12-30","8,400.41","8,157.43","8,527.20","8,157.43","","2.98%"
"2012-12-23","8,157.43","7,800.15","8,169.83","7,762.21","","4.58%"
"2012-12-16","7,800.15","7,757.38","7,939.74","7,742.06","","0.55%"
"2012-12-9","7,757.38","7,343.63","7,764.33","7,341.03","","5.63%"
"2012-12-2","7,343.63","6,956.32","7,355.34","6,867.25","","5.57%"
"2012-11-25","6,956.32","7,036.22","7,036.22","6,865.01","","-1.14%"
"2012-11-18","7,036.22","6,983.80","7,066.86","6,870.56","","0.75%"
"2012-11-11","6,983.80","7,163.56","7,204.55","6,942.13","","-2.51%"
"2012-11-4","7,163.56","7,330.74","7,367.66","7,146.83","","-2.28%"
"2012-10-28","7,330.74","7,148.74","7,341.93","7,066.14","","2.55%"
"2012-10-21","7,148.74","7,397.60","7,444.73","7,115.97","","-3.36%"
"2012-10-14","7,397.60","7,281.89","7,421.21","7,232.71","","1.59%"
"2012-10-7","7,281.89","7,275.19","7,364.84","7,152.36","","1.61%"
"2012-9-23","7,166.16","6,953.08","7,213.74","6,878.96","","3.06%"
"2012-9-16","6,953.08","7,295.57","7,295.57","6,917.23","","-4.69%"
"2012-9-9","7,295.57","7,336.59","7,381.06","7,215.17","","-0.56%"
"2012-9-2","7,336.59","7,037.48","7,414.83","6,953.17","","4.25%"
"2012-8-26","7,037.48","7,193.94","7,193.94","7,003.05","","-2.17%"
"2012-8-19","7,193.94","7,310.14","7,320.70","7,183.07","","-1.59%"
"2012-8-12","7,310.14","7,595.44","7,595.44","7,261.63","","-3.76%"
"2012-8-5","7,595.44","7,511.46","7,644.55","7,496.53","","1.12%"
"2012-7-29","7,511.46","7,453.93","7,569.85","7,426.54","","0.77%"
"2012-7-22","7,453.93","7,594.55","7,594.55","7,419.83","","-1.85%"
"2012-7-15","7,594.55","7,737.70","7,750.28","7,527.63","","-1.85%"
"2012-7-8","7,737.70","7,822.92","7,826.83","7,589.51","","-1.09%"
"2012-7-1","7,822.92","7,802.63","7,873.37","7,683.03","","0.26%"
"2012-6-24","7,802.63","7,876.91","7,876.91","7,655.98","","-0.94%"
"2012-6-17","7,876.91","8,021.33","8,094.17","7,848.53","","-1.80%"
"2012-6-10","8,021.33","7,854.89","8,054.16","7,837.19","","2.12%"
"2012-6-3","7,854.89","8,167.61","8,167.61","7,839.33","","-3.83%"
"2012-5-27","8,167.61","8,015.15","8,247.20","7,966.12","","1.90%"
"2012-5-20","8,015.15","8,038.05","8,225.61","7,994.42","","-0.28%"
"2012-5-13","8,038.05","8,229.32","8,286.17","8,015.47","","-2.32%"
"2012-5-6","8,229.32","8,514.93","8,514.93","8,223.78","","-3.35%"
"2012-4-29","8,514.93","8,299.77","8,518.13","8,299.77","","2.59%"
"2012-4-22","8,299.77","8,292.80","8,387.93","8,166.05","","0.08%"
"2012-4-15","8,292.80","8,128.30","8,295.94","7,995.56","","2.02%"
"2012-4-8","8,128.30","7,946.45","8,174.13","7,796.44","","2.29%"
"2012-4-1","7,946.45","7,787.88","7,953.41","7,732.94","","2.04%"
"2012-3-25","7,787.88","7,977.60","8,032.47","7,693.05","","-2.38%"
"2012-3-18","7,977.60","8,189.64","8,189.64","7,950.43","","-2.59%"
"2012-3-11","8,189.64","8,300.75","8,395.54","8,083.01","","-1.34%"
"2012-3-4","8,300.75","8,429.80","8,467.84","8,142.31","","-1.53%"
"2012-2-26","8,429.80","8,348.26","8,457.19","8,290.45","","0.98%"
"2012-2-19","8,348.26","8,073.58","8,349.49","8,035.11","","3.40%"
"2012-2-12","8,073.58","8,122.25","8,162.74","7,989.96","","-0.60%"
"2012-2-5","8,122.25","8,105.38","8,217.62","7,885.53","","0.21%"
"2012-1-29","8,105.38","8,101.83","8,143.35","7,821.88","","1.62%"
"2012-1-15","7,975.86","7,719.58","8,019.33","7,575.31","","3.32%"
"2012-1-8","7,719.58","7,421.52","7,881.34","7,373.37","","4.02%"
"2012-1-1","7,421.52","7,475.20","7,539.39","7,337.53","","-0.72%"
"2011-12-25","7,475.20","7,484.46","7,501.16","7,265.83","","-0.12%"
"2011-12-18","7,484.46","7,535.13","7,612.89","7,327.64","","-0.67%"
"2011-12-11","7,535.13","7,785.88","7,789.60","7,381.21","","-3.22%"
"2011-12-4","7,785.88","7,853.06","7,899.21","7,738.42","","-0.86%"
"2011-11-27","7,853.06","7,823.63","8,041.96","7,655.95","","0.38%"
"2011-11-20","7,823.63","7,928.19","7,965.51","7,801.87","","-1.32%"
"2011-11-13","7,928.19","8,205.33","8,382.60","7,911.90","","-3.38%"
"2011-11-6","8,205.33","8,446.11","8,446.11","8,177.80","","-2.85%"
"2011-10-30","8,446.11","8,348.03","8,501.82","8,160.70","","1.17%"
"2011-10-23","8,348.03","7,763.77","8,439.79","7,763.77","","7.53%"
"2011-10-16","7,763.77","8,043.18","8,160.78","7,693.08","","-3.47%"
"2011-10-9","8,043.18","7,762.35","8,079.25","7,666.77","","3.38%"
"2011-9-25","7,780.29","8,010.86","8,029.91","7,728.42","","-2.88%"
"2011-9-18","8,010.86","8,232.11","8,353.13","7,899.40","","-2.69%"
"2011-9-11","8,232.11","8,287.74","8,288.64","8,082.87","","-0.67%"
"2011-9-4","8,287.74","8,400.12","8,411.07","8,155.34","","-1.34%"
"2011-8-28","8,400.12","8,628.07","8,628.07","8,353.98","","-2.64%"
"2011-8-21","8,628.07","8,326.31","8,648.86","8,212.08","","3.62%"
"2011-8-14","8,326.31","8,467.65","8,674.16","8,268.49","","-1.67%"
"2011-8-7","8,467.65","8,527.20","8,527.20","8,025.84","","-0.70%"
"2011-7-31","8,527.20","8,810.24","8,848.83","8,499.91","","-3.21%"
"2011-7-24","8,810.24","9,072.92","9,072.92","8,695.54","","-2.90%"
"2011-7-17","9,072.92","9,257.81","9,272.79","9,048.40","","-2.00%"
"2011-7-10","9,257.81","9,290.26","9,294.98","9,083.21","","-0.35%"
"2011-7-3","9,290.26","9,160.89","9,394.66","9,160.89","","1.41%"
"2011-6-26","9,160.89","9,192.03","9,249.30","9,044.25","","-0.34%"
"2011-6-19","9,192.03","8,789.38","9,255.93","8,711.03","","4.58%"
"2011-6-12","8,789.38","8,932.86","9,063.37","8,784.43","","-1.61%"
"2011-6-5","8,932.86","9,043.88","9,091.17","8,845.77","","-1.23%"
"2011-5-29","9,043.88","9,034.09","9,195.38","8,897.23","","0.11%"
"2011-5-22","9,034.09","9,416.63","9,416.85","8,999.39","","-4.06%"
"2011-5-15","9,416.63","9,390.66","9,494.56","9,250.44","","0.28%"
"2011-5-8","9,390.66","9,398.72","9,480.30","9,258.18","","-0.09%"
"2011-5-1","9,398.72","9,707.64","9,742.07","9,331.69","","-3.18%"
"2011-4-24","9,707.64","9,846.77","9,871.41","9,575.09","","-1.41%"
"2011-4-17","9,846.77","10,086.61","10,141.80","9,802.33","","-2.38%"
"2011-4-10","10,086.61","9,997.09","10,146.69","9,854.17","","0.90%"
"2011-4-3","9,997.09","9,746.12","10,010.41","9,746.12","","2.58%"
"2011-3-27","9,746.12","9,650.14","9,774.29","9,537.46","","0.99%"
"2011-3-20","9,650.14","9,406.32","9,685.98","9,349.56","","2.59%"
"2011-3-13","9,406.32","9,534.88","9,570.45","9,264.94","","-1.35%"
"2011-3-6","9,534.88","9,676.48","9,914.86","9,508.64","","-1.46%"
"2011-2-27","9,676.48","9,346.35","9,688.48","9,289.82","","3.53%"
"2011-2-20","9,346.35","9,482.10","9,583.09","9,217.84","","-1.43%"
"2011-2-13","9,482.10","9,263.52","9,679.82","9,259.40","","2.36%"
"2011-2-6","9,263.52","9,194.95","9,293.84","9,055.69","","0.92%"
"2011-1-30","9,179.16","9,179.16","9,179.16","9,179.16","","0.73%"
"2011-1-23","9,112.77","9,002.51","9,158.44","8,901.95","","1.22%"
"2011-1-16","9,002.51","9,260.11","9,260.11","8,843.64","","-2.78%"
"2011-1-9","9,260.11","9,325.79","9,395.13","9,134.72","","-0.70%"
"2011-1-2","9,325.79","9,198.48","9,447.81","9,139.69","","1.38%"
"2010-12-26","9,198.48","9,391.64","9,531.43","8,970.96","","-2.06%"
"2010-12-19","9,391.64","9,481.16","9,587.67","9,194.57","","-0.94%"
"2010-12-12","9,481.16","9,458.04","9,747.55","9,443.13","","0.24%"
"2010-12-5","9,458.04","9,428.25","9,637.70","9,296.15","","0.32%"
"2010-11-28","9,428.25","9,469.46","9,505.23","9,140.56","","-0.44%"
"2010-11-21","9,469.46","9,524.99","9,582.74","9,191.41","","-0.58%"
"2010-11-14","9,524.99","9,889.34","9,954.08","9,252.51","","-3.68%"
"2010-11-7","9,889.34","10,581.86","10,661.62","9,870.77","","-6.54%"
"2010-10-31","10,581.86","10,235.73","10,695.05","10,235.73","","3.38%"
"2010-10-24","10,235.73","10,436.82","10,775.70","10,184.84","","-1.93%"
"2010-10-17","10,436.82","10,443.04","10,827.42","10,317.50","","-0.06%"
"2010-10-10","10,443.04","9,337.46","10,448.32","9,337.46","","11.84%"
"2010-10-3","9,337.46","8,994.55","9,374.58","8,994.55","","5.93%"
"2010-9-26","8,814.83","8,827.90","8,912.97","8,770.26","","-0.15%"
"2010-9-19","8,827.90","8,774.42","8,868.30","8,715.41","","0.61%"
"2010-9-12","8,774.42","9,040.95","9,154.01","8,711.89","","-2.95%"
"2010-9-5","9,040.95","9,118.01","9,361.12","8,949.26","","-0.85%"
"2010-8-29","9,118.01","9,027.69","9,199.58","8,989.90","","1.00%"
"2010-8-22","9,027.69","9,189.52","9,270.28","8,959.33","","-1.76%"
"2010-8-15","9,189.52","9,023.99","9,358.24","8,975.66","","1.83%"
"2010-8-8","9,023.99","9,231.25","9,287.08","8,882.52","","-2.25%"
"2010-8-1","9,231.25","9,252.64","9,420.47","9,033.40","","-0.23%"
"2010-7-25","9,252.64","9,080.22","9,320.30","9,007.05","","1.90%"
"2010-7-18","9,080.22","8,610.82","9,125.78","8,520.06","","5.45%"
"2010-7-11","8,610.82","8,728.80","8,851.64","8,501.43","","-1.35%"
"2010-7-4","8,728.80","8,440.21","8,785.32","8,273.27","","3.42%"
"2010-6-27","8,440.21","8,900.66","8,978.81","8,251.87","","-5.17%"
"2010-6-20","8,900.66","8,678.93","9,014.38","8,678.93","","2.55%"
"2010-6-13","8,678.93","8,741.54","8,824.30","8,655.22","","-0.72%"
"2010-6-6","8,741.54","8,806.41","8,880.51","8,488.68","","-0.74%"
"2010-5-30","8,806.41","9,161.50","9,167.19","8,706.23","","-3.88%"
"2010-5-23","9,161.50","9,026.51","9,375.71","8,942.76","","1.50%"
"2010-5-16","9,026.51","9,356.62","9,356.62","8,686.36","","-3.53%"
"2010-5-9","9,356.62","9,143.36","9,499.42","9,003.00","","2.33%"
"2010-5-2","9,143.36","9,976.83","9,976.83","9,043.79","","-8.35%"
"2010-4-25","9,976.83","10,157.42","10,196.62","9,754.69","","-1.78%"
"2010-4-18","10,157.42","10,859.87","10,859.87","10,079.54","","-6.47%"
"2010-4-11","10,859.87","10,980.01","11,069.81","10,752.29","","-1.09%"
"2010-4-4","10,980.01","11,137.94","11,244.92","10,831.54","","-1.42%"
"2010-3-28","11,137.94","10,752.12","11,180.49","10,752.12","","3.59%"
"2010-3-21","10,752.12","10,848.33","10,932.56","10,577.82","","-0.89%"
"2010-3-14","10,848.33","10,672.09","10,874.70","10,461.80","","1.65%"
"2010-3-7","10,672.09","10,659.86","10,883.42","10,640.93","","0.11%"
"2010-2-28","10,659.86","10,683.93","10,919.49","10,611.35","","-0.23%"
"2010-2-21","10,683.93","10,749.16","10,770.95","10,328.03","","0.33%"
"2010-2-7","10,649.25","10,447.96","10,705.58","10,366.16","","1.93%"
"2010-1-31","10,447.96","10,527.09","10,717.03","10,263.44","","-0.75%"
"2010-1-24","10,527.09","11,121.22","11,181.16","10,470.26","","-5.34%"
"2010-1-17","11,121.22","11,369.56","11,478.26","10,832.51","","-2.18%"
"2010-1-10","11,369.56","11,564.92","12,080.58","11,166.53","","-1.69%"
"2010-1-3","11,564.92","12,024.53","12,104.53","11,396.64","","-3.82%"
"2009-12-27","12,024.53","11,369.31","12,065.10","11,369.31","","5.76%"
"2009-12-20","11,369.31","11,432.65","11,496.61","11,031.42","","-0.55%"
"2009-12-13","11,432.65","11,890.78","12,164.54","11,404.82","","-3.85%"
"2009-12-6","11,890.78","12,210.86","12,295.45","11,797.69","","-2.62%"
"2009-11-29","12,210.86","11,274.02","12,215.31","11,274.02","","8.31%"
"2009-11-22","11,274.02","12,146.73","12,307.69","11,232.44","","-7.18%"
"2009-11-15","12,146.73","11,882.75","12,344.34","11,882.75","","2.22%"
"2009-11-8","11,882.75","11,820.40","12,002.58","11,651.56","","0.53%"
"2009-11-1","11,820.40","11,149.68","11,929.97","10,868.92","","6.02%"
"2009-10-25","11,149.68","11,659.06","11,743.82","10,997.47","","-4.37%"
"2009-10-18","11,659.06","11,091.75","11,735.50","11,048.49","","5.11%"
"2009-10-11","11,091.75","10,869.77","11,287.58","10,768.41","","2.04%"
"2009-10-4","10,869.77","10,344.08","10,869.77","10,344.08","","6.16%"
"2009-9-27","10,238.72","10,460.65","10,544.91","10,087.45","","-2.12%"
"2009-9-20","10,460.65","10,823.89","10,890.61","10,196.45","","-3.36%"
"2009-9-13","10,823.89","11,096.73","11,326.78","10,737.84","","-2.46%"
"2009-9-6","11,096.73","10,561.99","11,137.40","10,454.47","","5.06%"
"2009-8-30","10,561.99","10,290.75","10,680.78","9,556.23","","2.64%"
"2009-8-23","10,290.75","11,141.21","11,223.68","10,227.05","","-7.63%"
"2009-8-16","11,141.21","11,561.55","11,561.55","10,384.43","","-3.64%"
"2009-8-9","11,561.55","12,305.65","12,473.57","11,494.40","","-6.05%"
"2009-8-2","12,305.65","13,093.08","13,271.76","12,256.44","","-6.01%"
"2009-7-26","13,093.08","12,747.53","13,153.84","12,025.05","","2.71%"
"2009-7-19","12,747.53","12,184.95","12,811.82","12,137.25","","4.62%"
"2009-7-12","12,184.95","11,828.72","12,329.50","11,589.58","","3.01%"
"2009-7-5","11,828.72","11,774.74","12,025.62","11,434.37","","0.46%"
"2009-6-28","11,774.74","10,952.15","11,775.21","10,934.34","","7.51%"
"2009-6-21","10,952.15","10,813.63","11,081.57","10,651.26","","1.28%"
"2009-6-14","10,813.63","10,106.41","10,844.48","10,093.06","","7.00%"
"2009-6-7","10,106.41","10,090.01","10,397.51","10,017.45","","0.11%"
"2009-5-31","10,095.47","9,451.64","10,238.75","9,451.64","","8.38%"
"2009-5-24","9,314.70","9,056.18","9,348.85","9,039.06","","1.01%"
"2009-5-17","9,221.27","9,437.30","9,655.81","9,137.67","","-2.89%"
"2009-5-10","9,495.48","9,561.19","9,761.68","9,268.96","","0.25%"
"2009-5-3","9,471.45","8,903.49","9,496.47","8,888.89","","6.74%"
"2009-4-26","8,873.76","8,665.79","8,936.09","8,426.66","","2.28%"
"2009-4-19","8,676.30","8,937.24","9,160.57","8,635.21","","-3.08%"
"2009-4-12","8,951.97","8,943.43","9,128.83","8,883.92","","1.10%"
"2009-4-5","8,854.85","8,869.51","8,967.72","8,448.74","","-0.05%"
"2009-3-29","8,859.24","8,538.59","8,986.24","8,291.35","","3.86%"
"2009-3-22","8,529.85","8,105.50","8,621.72","8,086.82","","5.34%"
"2009-3-15","8,097.49","7,630.93","8,196.81","7,553.66","","5.72%"
"2009-3-8","7,659.68","7,933.95","8,057.58","7,472.49","","-2.66%"
"2009-3-1","7,869.01","7,410.84","8,042.58","7,233.02","","5.67%"
"2009-2-22","7,447.03","7,924.49","8,209.69","7,386.44","","-6.73%"
"2009-2-15","7,984.39","8,397.38","8,612.76","7,773.07","","-4.10%"
"2009-2-8","8,325.76","8,057.76","8,338.27","7,853.56","","4.82%"
"2009-2-1","7,943.14","7,287.49","7,953.85","7,179.11","","9.37%"
"2009-1-18","7,262.48","7,151.14","7,367.04","7,097.18","","2.90%"
"2009-1-11","7,057.54","6,809.63","7,220.07","6,667.15","","3.15%"
"2009-1-4","6,842.10","6,678.34","7,073.79","6,634.66","","4.56%"
"2008-12-28","6,543.81","6,617.99","6,676.23","6,504.57","","-1.60%"
"2008-12-21","6,649.96","7,310.78","7,310.99","6,577.71","","-9.04%"
"2008-12-14","7,311.19","7,128.93","7,418.48","6,867.06","","4.21%"
"2008-12-7","7,015.80","7,292.06","7,542.79","6,944.92","","-2.43%"
"2008-11-30","7,190.44","6,595.62","7,325.60","6,488.84","","8.72%"
"2008-11-23","6,613.73","6,900.44","7,149.78","6,558.11","","-4.63%"
"2008-11-16","6,935.05","7,095.76","7,293.39","6,611.42","","-2.97%"
"2008-11-9","7,147.31","6,426.10","7,159.78","6,426.10","","14.10%"
"2008-11-2","6,264.11","6,010.21","6,408.10","5,933.22","","3.17%"
"2008-10-26","6,071.86","6,250.60","6,305.80","5,734.17","","-4.92%"
"2008-10-19","6,386.19","6,720.88","7,067.66","6,363.54","","-5.33%"
"2008-10-12","6,745.92","6,872.49","7,583.46","6,658.20","","-2.31%"
"2008-10-5","6,905.30","8,181.77","8,181.77","6,792.35","","-15.83%"
"2008-9-21","8,203.54","8,172.83","8,352.91","7,555.83","","8.88%"
"2008-9-14","7,534.70","7,666.47","7,666.47","6,577.37","","-3.77%"
"2008-9-7","7,829.54","8,279.12","8,313.44","7,769.85","","-4.98%"
"2008-8-31","8,239.68","9,005.48","9,024.04","8,191.21","","-9.50%"
"2008-8-24","9,104.67","8,979.15","9,201.37","8,755.74","","1.66%"
"2008-8-17","8,955.90","9,087.28","9,465.39","8,514.49","","-1.33%"
"2008-8-10","9,077.07","9,540.94","9,603.15","8,857.81","","-5.17%"
"2008-8-3","9,571.70","10,145.52","10,222.31","9,514.91","","-6.53%"
"2008-7-27","10,239.95","10,581.61","10,748.02","9,886.44","","-2.57%"
"2008-7-20","10,510.14","9,995.83","10,689.41","9,962.88","","4.12%"
"2008-7-13","10,094.18","10,482.12","10,738.94","9,659.53","","-4.65%"
"2008-7-6","10,586.78","9,819.44","10,932.93","9,819.44","","7.91%"
"2008-6-29","9,810.91","10,251.32","10,438.97","9,400.45","","-5.46%"
"2008-6-22","10,378.05","10,442.17","11,072.39","10,292.73","","-2.81%"
"2008-6-15","10,678.38","10,947.38","11,202.69","10,111.48","","-2.23%"
"2008-6-8","10,921.59","12,196.09","12,212.84","10,906.86","","-14.42%"
"2008-6-1","12,761.55","13,116.15","13,312.56","12,690.82","","-3.00%"
"2008-5-25","13,155.87","13,164.18","13,394.04","12,751.46","","-1.00%"
"2008-5-18","13,288.66","14,161.56","14,190.95","13,036.83","","-6.49%"
"2008-5-11","14,211.21","13,837.37","14,543.44","13,646.19","","0.52%"
"2008-5-4","14,137.72","15,152.82","15,200.10","13,904.19","","-5.44%"
"2008-4-27","14,951.37","14,127.28","15,006.57","13,936.69","","4.00%"
"2008-4-20","14,375.88","13,048.56","14,823.06","11,773.30","","18.79%"
"2008-4-13","12,102.43","13,686.22","13,723.93","11,992.09","","-13.54%"
"2008-4-6","13,997.59","13,716.55","14,725.71","13,409.02","","1.05%"
"2008-3-30","13,852.11","13,629.32","14,011.31","13,038.92","","-1.77%"
"2008-3-23","14,101.05","14,702.05","14,749.86","13,132.81","","-3.04%"
"2008-3-16","14,543.56","14,588.11","14,740.40","13,295.04","","-0.92%"
"2008-3-9","14,678.13","16,146.77","16,146.77","14,392.09","","-9.81%"
"2008-3-2","16,274.94","16,478.75","17,068.04","15,835.78","","-1.96%"
"2008-2-24","16,600.79","16,627.16","16,707.40","15,676.01","","-0.31%"
"2008-2-17","16,652.00","17,754.82","18,352.92","16,519.32","","-4.99%"
"2008-2-10","17,526.12","17,804.62","17,997.44","17,267.26","","-4.20%"
"2008-2-3","18,294.47","17,318.77","18,306.95","17,318.77","","8.56%"
"2008-1-27","16,851.63","18,374.98","18,374.98","16,264.77","","-9.28%"
"2008-1-20","18,574.95","20,121.31","20,155.59","17,418.55","","-7.57%"
"2008-1-13","20,096.36","21,766.73","21,829.47","19,590.51","","-7.16%"
"2008-1-6","21,646.99","20,626.96","21,646.99","20,527.16","","4.89%"
"2007-12-30","20,636.95","20,463.58","20,698.58","19,901.06","","0.94%"
"2007-12-23","20,444.89","19,918.66","20,699.31","19,840.84","","3.45%"
"2007-12-16","19,763.05","19,482.82","19,847.17","18,572.35","","1.20%"
"2007-12-9","19,528.43","19,913.80","20,693.81","18,890.55","","-3.74%"
"2007-12-2","20,287.28","18,960.60","20,308.56","18,844.26","","6.29%"
"2007-11-25","19,085.94","19,802.45","19,884.73","18,533.35","","-1.98%"
"2007-11-18","19,472.15","20,438.16","20,667.84","18,909.65","","-4.62%"
"2007-11-11","20,415.64","19,913.47","21,124.27","19,513.04","","-0.18%"
"2007-11-4","20,453.32","22,266.26","22,440.51","20,148.70","","-8.78%"
"2007-10-28","22,421.93","22,167.26","23,272.48","22,167.26","","1.78%"
"2007-10-21","22,029.84","21,898.27","22,756.05","21,505.44","","-0.81%"
"2007-10-14","22,208.63","22,807.37","23,588.62","22,027.89","","-2.25%"
"2007-10-7","22,719.96","21,798.63","22,947.67","21,512.89","","9.91%"
"2007-9-23","20,672.07","20,720.33","21,046.89","20,360.68","","-0.14%"
"2007-9-16","20,700.25","20,555.56","20,985.14","20,292.49","","0.67%"
"2007-9-9","20,562.61","19,895.32","20,622.69","19,329.83","","1.85%"
"2007-9-2","20,188.87","20,492.42","20,819.33","20,002.82","","-0.88%"
"2007-8-26","20,369.13","20,356.04","20,647.72","19,943.41","","0.56%"
"2007-8-19","20,255.10","18,432.02","20,349.79","18,405.54","","13.37%"
"2007-8-12","17,866.65","18,535.25","19,088.39","17,825.41","","-3.60%"
"2007-8-5","18,533.89","17,824.74","18,723.24","17,661.54","","4.86%"
"2007-7-29","17,674.09","16,311.67","17,674.09","16,279.80","","8.22%"
"2007-7-22","16,332.35","15,586.71","16,562.16","15,586.71","","6.14%"
"2007-7-15","15,387.33","14,608.39","15,396.07","14,032.62","","5.46%"
"2007-7-8","14,590.46","14,090.10","14,676.78","14,005.58","","4.38%"
"2007-7-1","13,978.22","14,126.21","14,437.10","13,243.49","","-1.38%"
"2007-6-24","14,173.63","14,814.40","15,035.57","14,023.14","","-3.88%"
"2007-6-17","14,745.84","14,917.32","15,313.38","14,486.33","","0.58%"
"2007-6-10","14,661.15","14,011.35","14,848.31","13,947.41","","5.51%"
"2007-6-3","13,896.09","14,162.84","14,210.51","12,147.91","","-1.34%"
"2007-5-27","14,085.29","14,405.12","14,791.87","13,246.08","","-1.10%"
"2007-5-20","14,242.16","13,401.43","14,335.57","13,377.18","","2.77%"
"2007-5-13","13,858.31","13,652.43","14,170.40","13,266.46","","0.15%"
"2007-5-6","13,837.82","13,577.15","13,979.13","13,330.77","","6.64%"
"2007-4-22","12,975.94","12,559.72","13,160.35","12,539.51","","4.23%"
"2007-4-15","12,449.45","12,485.11","12,900.86","11,668.05","","-0.13%"
"2007-4-8","12,465.17","11,792.22","12,604.07","11,792.22","","5.90%"
"2007-4-1","11,770.30","11,306.26","11,827.73","11,306.26","","4.65%"
"2007-3-25","11,247.64","10,870.10","11,539.41","10,709.29","","3.64%"
"2007-3-18","10,852.95","10,156.24","10,984.51","10,126.52","","4.51%"
"2007-3-11","10,384.72","10,584.10","10,593.32","10,208.83","","-1.86%"
"2007-3-4","10,581.58","10,146.91","10,706.42","9,744.18","","3.80%"
"2007-2-25","10,194.18","11,040.39","11,095.79","9,833.65","","-8.29%"
"2007-2-11","11,115.44","9,934.33","11,139.07","9,922.63","","11.78%"
"2007-2-4","9,943.72","9,701.87","10,102.74","9,076.41","","1.75%"
"2007-1-28","9,772.91","11,000.36","11,273.17","9,732.30","","-10.50%"
"2007-1-21","10,919.62","10,300.65","11,026.67","10,261.59","","7.15%"
"2007-1-14","10,191.42","9,574.77","10,496.23","9,574.77","","6.22%"
"2007-1-7","9,594.81","9,168.77","10,043.87","9,097.90","","4.44%"
"2006-12-31","9,187.16","9,403.71","9,831.19","9,113.58","","-0.22%"
"2006-12-24","9,207.45","8,219.12","9,279.96","8,219.12","","12.30%"
"2006-12-17","8,199.20","8,103.95","8,473.00","8,103.95","","1.46%"
"2006-12-10","8,081.38","7,326.18","8,081.38","7,326.18","","9.90%"
"2006-12-3","7,353.58","7,269.06","7,814.21","7,269.06","","1.15%"
"2006-11-26","7,269.79","6,938.90","7,339.42","6,737.04","","4.25%"
"2006-11-19","6,973.09","6,692.25","7,092.46","6,692.25","","4.70%"
"2006-11-12","6,659.97","6,262.37","6,670.59","6,129.88","","5.96%"
"2006-11-5","6,285.28","5,965.97","6,433.83","5,950.16","","4.52%"
"2006-10-29","6,013.69","5,793.69","6,056.78","5,760.31","","3.59%"
"2006-10-22","5,805.13","5,667.18","5,893.80","5,563.34","","2.39%"
"2006-10-15","5,669.86","5,628.34","5,703.91","5,502.79","","0.75%"
"2006-10-8","5,627.66","5,588.96","5,686.25","5,569.60","","3.54%"
"2006-9-24","5,435.07","5,404.79","5,443.58","5,299.94","","0.40%"
"2006-9-17","5,413.43","5,414.95","5,511.25","5,362.11","","0.51%"
"2006-9-10","5,385.91","5,126.58","5,387.03","5,107.86","","5.04%"
"2006-9-3","5,127.41","5,058.58","5,164.37","5,058.58","","1.29%"
"2006-8-27","5,061.97","5,108.51","5,173.04","5,056.91","","1.08%"
"2006-8-20","5,007.85","4,809.86","5,033.10","4,790.81","","2.03%"
"2006-8-13","4,908.32","4,897.87","4,966.27","4,808.88","","0.16%"
"2006-8-6","4,900.32","4,785.40","4,915.28","4,751.48","","1.79%"
"2006-7-30","4,814.28","5,061.98","5,061.98","4,805.70","","-5.04%"
"2006-7-23","5,070.04","5,076.86","5,203.14","5,032.45","","-1.26%"
"2006-7-16","5,134.86","5,165.74","5,216.49","5,039.97","","-0.84%"
"2006-7-9","5,178.20","5,326.25","5,369.21","5,077.27","","-2.77%"
"2006-7-2","5,325.72","5,376.10","5,495.98","5,272.61","","-0.56%"
"2006-6-25","5,355.48","5,145.37","5,421.70","5,145.37","","4.22%"
"2006-6-18","5,138.45","5,038.67","5,171.55","4,995.14","","1.01%"
"2006-6-11","5,086.84","4,965.17","5,086.84","4,898.90","","1.42%"
"2006-6-4","5,015.63","5,275.41","5,366.56","4,987.81","","-5.19%"
"2006-5-28","5,290.29","5,257.90","5,394.58","5,217.79","","1.22%"
"2006-5-21","5,226.44","5,363.39","5,399.36","5,070.02","","-2.79%"
"2006-5-14","5,376.43","5,259.40","5,508.07","5,148.02","","3.08%"
"2006-5-7","5,215.68","4,817.22","5,215.68","4,817.22","","10.83%"
"2006-4-23","4,705.93","4,736.23","4,754.03","4,590.75","","-0.15%"
"2006-4-16","4,713.05","4,597.71","4,730.54","4,559.38","","6.03%"
"2006-4-9","4,444.88","4,464.54","4,543.85","4,442.92","","-0.44%"
"2006-4-2","4,464.61","4,384.77","4,534.40","4,384.77","","1.99%"
"2006-3-26","4,377.56","4,316.92","4,455.13","4,290.03","","1.43%"
"2006-3-19","4,316.03","4,268.92","4,367.86","4,247.65","","1.15%"
"2006-3-12","4,267.11","4,217.71","4,293.18","4,217.71","","1.21%"
"2006-3-5","4,216.08","4,335.29","4,354.14","4,180.53","","-2.79%"
"2006-2-26","4,337.23","4,423.48","4,428.99","4,290.73","","-1.17%"
"2006-2-19","4,388.49","4,256.65","4,388.91","4,243.01","","3.25%"
"2006-2-12","4,250.45","4,235.66","4,301.36","4,190.93","","0.56%"
"2006-2-5","4,226.88","4,193.43","4,285.85","4,173.93","","2.65%"
"2006-1-22","4,117.83","4,103.47","4,143.94","4,081.56","","0.39%"
"2006-1-15","4,101.85","4,059.57","4,121.14","3,979.45","","0.96%"
"2006-1-8","4,062.94","4,119.59","4,139.99","4,048.73","","-1.39%"
"2006-1-1","4,120.24","3,934.07","4,151.38","3,934.07","","5.51%"
"2005-12-25","3,904.89","3,869.60","3,957.95","3,858.52","","0.96%"
"2005-12-18","3,867.84","3,815.75","3,869.17","3,799.39","","1.32%"
"2005-12-11","3,817.29","3,772.50","3,829.45","3,741.43","","1.13%"
"2005-12-4","3,774.62","3,674.30","3,781.13","3,634.10","","2.73%"
"2005-11-27","3,674.20","3,713.29","3,737.92","3,646.73","","-1.26%"
"2005-11-20","3,721.17","3,698.09","3,722.26","3,630.90","","0.51%"
"2005-11-13","3,702.46","3,627.10","3,729.08","3,570.96","","2.00%"
"2005-11-6","3,629.77","3,676.44","3,696.36","3,603.25","","-1.36%"
"2005-10-30","3,679.69","3,618.48","3,711.86","3,617.27","","1.64%"
"2005-10-23","3,620.18","3,747.09","3,747.09","3,585.10","","-3.52%"
"2005-10-16","3,752.35","3,755.29","3,769.55","3,698.39","","-0.22%"
"2005-10-9","3,760.57","3,843.34","3,854.47","3,752.22","","-2.24%"
"2005-10-2","3,846.79","3,846.79","3,846.79","3,846.79","","0.00%"
"2005-9-25","3,846.79","3,825.79","3,852.80","3,773.63","","0.54%"
"2005-9-18","3,825.94","4,014.47","4,020.25","3,811.45","","-4.67%"
"2005-9-11","4,013.31","3,995.55","4,044.90","3,963.60","","0.53%"
"2005-9-4","3,992.32","4,014.55","4,034.86","3,938.65","","-0.56%"
"2005-8-28","4,014.79","3,978.11","4,024.83","3,905.65","","0.90%"
"2005-8-21","3,978.82","3,974.14","4,035.91","3,940.59","","-0.31%"
"2005-8-14","3,991.12","4,134.83","4,197.32","3,950.34","","-4.04%"
"2005-8-7","4,158.94","4,117.46","4,237.99","4,075.16","","1.09%"
"2005-7-31","4,113.96","4,000.55","4,114.30","3,984.03","","2.74%"
"2005-7-24","4,004.17","3,879.57","4,059.42","3,862.45","","3.06%"
"2005-7-17","3,885.38","3,773.31","3,916.50","3,757.98","","2.77%"
"2005-7-10","3,780.75","3,710.13","3,827.92","3,642.28","","2.94%"
"2005-7-3","3,672.68","3,754.54","3,781.70","3,663.03","","-2.69%"
"2005-6-26","3,774.25","3,907.86","3,966.35","3,761.02","","-2.80%"
"2005-6-19","3,882.85","3,828.41","3,928.94","3,796.63","","1.63%"
"2005-6-12","3,820.55","3,855.85","3,900.59","3,745.48","","-1.51%"
"2005-6-5","3,879.02","3,516.88","4,009.39","3,492.50","","10.06%"
"2005-5-29","3,524.47","3,664.88","3,727.72","3,470.56","","-4.06%"
"2005-5-22","3,673.79","3,838.69","3,838.69","3,667.21","","-4.14%"
"2005-5-15","3,832.63","3,878.85","3,892.89","3,761.64","","-1.46%"
"2005-5-8","3,889.59","4,152.95","4,159.84","3,848.96","","-6.71%"
"2005-4-24","4,169.27","4,137.79","4,184.83","4,082.63","","0.51%"
"2005-4-17","4,148.20","4,235.31","4,239.65","4,132.65","","-2.38%"
"2005-4-10","4,249.38","4,362.57","4,369.74","4,239.10","","-2.55%"
"2005-4-3","4,360.47","4,190.60","4,384.16","4,141.25","","3.02%"
"2005-3-27","4,232.53","4,118.77","4,288.48","4,019.78","","2.66%"
"2005-3-20","4,122.97","4,184.45","4,215.35","4,072.32","","-1.62%"
"2005-3-13","4,190.83","4,353.56","4,432.50","4,183.02","","-3.73%"
"2005-3-6","4,353.43","4,355.62","4,471.79","4,308.79","","0.05%"
"2005-2-27","4,351.19","4,436.48","4,440.72","4,308.66","","-1.96%"
"2005-2-20","4,438.38","4,318.97","4,493.75","4,318.97","","2.84%"
"2005-2-13","4,315.69","4,394.57","4,458.21","4,312.12","","-1.79%"
"2005-2-6","4,394.57","4,394.57","4,394.57","4,394.57","","0.00%"
"2005-1-30","4,394.57","4,102.26","4,419.35","4,075.07","","6.81%"
"2005-1-23","4,114.54","4,195.09","4,223.22","4,094.85","","-0.33%"
"2005-1-16","4,127.97","4,060.60","4,144.62","3,960.71","","0.72%"
"2005-1-9","4,098.41","4,072.96","4,178.71","4,052.33","","0.59%"
"2005-1-2","4,074.29","4,183.21","4,183.21","4,055.12","","-2.60%"
"2004-12-26","4,183.21","4,223.75","4,249.09","4,159.27","","-0.90%"
"2004-12-19","4,221.41","4,245.36","4,284.92","4,178.85","","-0.89%"
"2004-12-12","4,259.21","4,283.01","4,347.77","4,248.25","","-0.93%"
"2004-12-5","4,299.35","4,291.01","4,382.71","4,247.63","","0.34%"
"2004-11-28","4,284.77","4,377.14","4,381.52","4,257.23","","-2.24%"
"2004-11-21","4,382.96","4,468.44","4,474.97","4,358.38","","-1.94%"
"2004-11-14","4,469.57","4,409.38","4,471.61","4,390.21","","1.62%"
"2004-11-7","4,398.21","4,240.97","4,488.90","4,202.28","","3.59%"
"2004-10-31","4,245.84","4,323.96","4,371.44","4,227.57","","-1.92%"
"2004-10-24","4,328.94","4,447.58","4,479.31","4,261.84","","-1.75%"
"2004-10-17","4,406.23","4,399.03","4,484.55","4,298.22","","0.12%"
"2004-10-10","4,400.88","4,735.95","4,735.95","4,349.59","","-7.06%"
"2004-10-3","4,735.17","4,670.55","4,735.17","4,568.58","","1.38%"
"2004-9-26","4,670.55","4,843.57","4,877.02","4,647.22","","-2.19%"
"2004-9-19","4,774.95","4,687.08","4,978.95","4,620.35","","2.69%"
"2004-9-12","4,649.69","4,249.23","4,650.37","4,176.34","","9.22%"
"2004-9-5","4,257.14","4,370.97","4,375.82","4,192.87","","-2.69%"
"2004-8-29","4,374.88","4,390.48","4,511.96","4,323.43","","-0.63%"
"2004-8-22","4,402.81","4,505.84","4,505.84","4,387.43","","-2.48%"
"2004-8-15","4,514.58","4,507.73","4,588.32","4,476.26","","0.07%"
"2004-8-8","4,511.54","4,520.76","4,605.82","4,470.76","","-0.33%"
"2004-8-1","4,526.63","4,500.63","4,656.60","4,409.60","","0.11%"
"2004-7-25","4,521.48","4,605.49","4,610.68","4,476.15","","-1.93%"
"2004-7-18","4,610.57","4,788.58","4,823.01","4,543.13","","-3.72%"
"2004-7-11","4,788.95","4,644.66","4,800.89","4,541.28","","2.70%"
"2004-7-4","4,663.14","4,688.76","4,768.92","4,635.10","","-0.66%"
"2004-6-27","4,694.21","4,482.17","4,717.72","4,463.03","","4.29%"
"2004-6-20","4,501.08","4,576.17","4,652.85","4,494.35","","-2.23%"
"2004-6-13","4,603.55","4,732.64","4,844.99","4,541.36","","-2.95%"
"2004-6-6","4,743.64","4,914.96","4,914.96","4,707.54","","-3.68%"
"2004-5-30","4,924.97","4,962.72","5,059.57","4,904.17","","-0.79%"
"2004-5-23","4,964.02","4,935.98","5,005.51","4,823.24","","0.62%"
"2004-5-16","4,933.59","4,938.15","4,969.17","4,781.29","","-0.60%"
"2004-5-9","4,963.14","5,132.81","5,135.37","4,926.99","","-3.02%"
"2004-5-2","5,117.62","5,117.62","5,117.62","5,117.62","","0.00%"
"2004-4-25","5,117.62","5,176.58","5,234.33","5,041.29","","-1.24%"
"2004-4-18","5,181.81","5,403.45","5,407.61","5,174.24","","-4.16%"
"2004-4-11","5,406.90","5,543.85","5,561.74","5,306.45","","-3.02%"
"2004-4-4","5,575.27","5,817.06","5,819.68","5,555.60","","-4.07%"
"2004-3-28","5,811.68","5,745.20","5,817.07","5,633.14","","1.09%"
"2004-3-21","5,749.10","5,858.12","5,908.16","5,708.27","","-1.77%"
"2004-3-14","5,852.46","5,715.97","5,902.32","5,715.97","","2.50%"
"2004-3-7","5,709.83","5,554.40","5,727.84","5,488.67","","2.65%"